"@timestamp: Descending","request.keyword: Descending","clientip.keyword: Descending",Count
1513226886000,"sc.iasds01.com:443","192.168.2.101",3
1513243890000,"sc.iasds01.com:443","192.168.2.102",3
1513219369000,"1.tl813.com:443","192.168.2.102",1
1513219369000,"ml314.com:443","192.168.2.102",1
1513219380000,"ml314.com:443","192.168.2.102",2
1513228208000,"sc.iasds01.com:443","192.168.2.101",2
1513228211000,"http://us-u.openx.net/w/1.0/sd?","192.168.2.101",2
1513231785000,"sc.iasds01.com:443","192.168.2.101",2
1513243925000,"sc.iasds01.com:443","192.168.2.102",2
1513249762000,"msec.xp1.ru4.com:443","192.168.2.101",2
1513249763000,"s.xp1.ru4.com:443","192.168.2.101",1
1513249763000,"us-u.openx.net:443","192.168.2.101",1
1513249831000,"sc.iasds01.com:443","192.168.2.101",2
1514355491000,"us-u.openx.net:443","192.168.2.101",2
1514437342000,"http://sedoparking.com/frmpark/send.have8000.com/Skenzor6/park.js","192.168.2.101",1
1514437342000,"http://send.have8000.com/","192.168.2.101",1
1512995285000,"http://microsofte.byinter.net/","192.168.2.101",1
1512995432000,"http://microsofte.byinter.net/","192.168.2.101",1
1513216172000,"http://lang-8.com/","192.168.2.101",1
1513216982000,"http://hugesoft.org/","192.168.2.101",1
1513219016000,"ml314.com:443","192.168.2.101",1
1513219139000,"1.tl813.com:443","192.168.2.101",1
1513219376000,"ml314.com:443","192.168.2.102",1
1513228217000,"us-u.openx.net:443","192.168.2.101",1
1513231840000,"www.wtp101.com:443","192.168.2.101",1
1513231841000,"t.mookie1.com:443","192.168.2.101",1
1513231842000,"tlg.mookie1.com:443","192.168.2.101",1
1513231850000,"us-u.openx.net:443","192.168.2.101",1
1513243889000,"sc.iasds01.com:443","192.168.2.102",1
1513243892000,"sc.iasds01.com:443","192.168.2.102",1
1513246942000,"http://3q.wubangtu.info/","192.168.2.102",1
1513246961000,"http://3q.wubangtu.info/","192.168.2.102",1
1513246965000,"http://3q.wubangtu.info/favicon.ico","192.168.2.102",1
1513247117000,"http://hugesoft.org/","192.168.2.101",1
1513247156000,"http://3q.wubangtu.info/","192.168.2.101",1
1513247157000,"http://3q.wubangtu.info/favicon.ico","192.168.2.101",1
1513247262000,"http://microsofte.byinter.net/","192.168.2.101",1
1513248180000,"http://3q.wubangtu.info/","192.168.2.102",1
1513248269000,"http://3q.wubangtu.info/","192.168.2.102",1
1513248336000,"http://hugesoft.org/","192.168.2.102",1
1513248342000,"http://hugesoft.org/favicon.ico","192.168.2.102",1
1514353639000,"http://hugesoft.org/","192.168.2.101",1
1514353831000,"http://hugesoft.org/","192.168.2.101",1
1514353861000,"http://hugesoft.org/","192.168.2.101",1
1514354297000,"beacons5.gvt3.com:443","192.168.2.101",1
1514355497000,"us-u.openx.net:443","192.168.2.101",1
1514355536000,"beacons.gcp.gvt2.com:443","192.168.2.101",1
1514355828000,"http://hugesoft.org/","192.168.2.101",1
1514356032000,"http://hugesoft.org/","192.168.2.101",1
1514356529000,"http://hugesoft.org/","192.168.2.101",1
1514356571000,"beacons.gcp.gvt2.com:443","192.168.2.101",1
1514356580000,"http://hugesoft.org/","192.168.2.101",1
1514356680000,"http://hugesoft.org/","192.168.2.101",1
1514357102000,"sc.iasds01.com:443","192.168.2.101",1
1514369077000,"http://hugesoft.org/","192.168.2.101",1
1514369464000,"http://hugesoft.org/","192.168.2.101",1
1514371304000,"sc.iasds01.com:443","192.168.2.101",1
1514437344000,"http://send.have8000.com/favicon.ico","192.168.2.101",1
1514437956000,"http://send.have8000.com/","192.168.2.101",1
1514437957000,"http://sedoparking.com/frmpark/send.have8000.com/Skenzor6/park.js","192.168.2.101",1
1514438448000,"http://dns.ddos.im/","192.168.2.101",1
1514438449000,"http://dns.ddos.im/favicon.ico","192.168.2.101",1
1514439737000,"http://dns.ddos.im/","192.168.2.101",1
